EnglishProductCategoryName,TotalProductCost
Bikes,1912.1544
Bikes,1912.1544
Bikes,1912.1544
Bikes,1912.1544
Bikes,1912.1544
Bikes,1912.1544
Bikes,1912.1544
Bikes,1912.1544
Bikes,1912.1544
Bikes,1912.1544
Bikes,1912.1544
Bikes,1912.1544
Bikes,1912.1544
Bikes,1912.1544
Bikes,1912.1544
Bikes,1912.1544
Bikes,1912.1544
Bikes,1912.1544
Bikes,1912.1544
Bikes,1912.1544
Bikes,1912.1544
Bikes,1912.1544
Bikes,1912.1544
Bikes,1912.1544
Bikes,1912.1544
Bikes,1912.1544
Bikes,1912.1544
Bikes,1912.1544
Bikes,1912.1544
Bikes,1912.1544
Bikes,1912.1544
Bikes,1912.1544
Bikes,1912.1544
Bikes,1912.1544
Bikes,1912.1544
Bikes,1912.1544
Bikes,1912.1544
Bikes,1912.1544
Bikes,1912.1544
Bikes,1912.1544
Bikes,1912.1544
Bikes,1912.1544
Bikes,1912.1544
Bikes,1912.1544
Bikes,1912.1544
Bikes,1912.1544
Bikes,1912.1544
Bikes,1912.1544
Bikes,1912.1544
Bikes,1912.1544
Bikes,1912.1544
Bikes,1912.1544
Bikes,1912.1544
Bikes,1912.1544
Bikes,1912.1544
Bikes,1912.1544
Bikes,1912.1544
Bikes,1912.1544
Bikes,1912.1544
Bikes,1912.1544
Bikes,1912.1544
Bikes,1912.1544
Bikes,1912.1544
Bikes,1912.1544
Bikes,1912.1544
Bikes,1912.1544
Bikes,1912.1544
Bikes,1912.1544
Bikes,1912.1544
Bikes,1912.1544
Bikes,1912.1544
Bikes,1912.1544
Bikes,1912.1544
Bikes,1912.1544
Bikes,1912.1544
Bikes,1912.1544
Bikes,1912.1544
Bikes,1912.1544
Bikes,1912.1544
Bikes,1912.1544
Bikes,1912.1544
Bikes,1912.1544
Bikes,1912.1544
Bikes,1912.1544
Bikes,1912.1544
Bikes,1912.1544
Bikes,1912.1544
Bikes,1912.1544
Bikes,1912.1544
Bikes,1912.1544
Bikes,1912.1544
Bikes,1912.1544
Bikes,1912.1544
Bikes,1912.1544
Bikes,1912.1544
Bikes,1912.1544
Bikes,1912.1544
Bikes,1912.1544
Bikes,1912.1544
Bikes,1912.1544
Bikes,1912.1544
Bikes,1912.1544
Bikes,1912.1544
Bikes,1912.1544
Bikes,1912.1544
Bikes,1912.1544
Bikes,1912.1544
Bikes,1912.1544
Bikes,1912.1544
Bikes,1912.1544
Bikes,1912.1544
Bikes,1912.1544
Bikes,1912.1544
Bikes,1912.1544
Bikes,1912.1544
Bikes,1912.1544
Bikes,1912.1544
Bikes,1912.1544
Bikes,1912.1544
Bikes,1912.1544
Bikes,1912.1544
Bikes,1912.1544
Bikes,1912.1544
Bikes,1912.1544
Bikes,1912.1544
Bikes,1912.1544
Bikes,1912.1544
Bikes,1912.1544
Bikes,1912.1544
Bikes,1912.1544
Bikes,1912.1544
Bikes,1912.1544
Bikes,1912.1544
Bikes,1912.1544
Bikes,1912.1544
Bikes,1912.1544
Bikes,1912.1544
Bikes,1912.1544
Bikes,1912.1544
Bikes,1912.1544
Bikes,1912.1544
Bikes,1912.1544
Bikes,1912.1544
Bikes,1912.1544
Bikes,1912.1544
Bikes,1912.1544
Bikes,1912.1544
Bikes,1912.1544
Bikes,1912.1544
Bikes,1912.1544
Bikes,1912.1544
Bikes,1912.1544
Bikes,1912.1544
Bikes,1912.1544
Bikes,1912.1544
Bikes,1912.1544
Bikes,1912.1544
Bikes,1912.1544
Bikes,1912.1544
Bikes,1912.1544
Bikes,1912.1544
Bikes,1912.1544
Bikes,1912.1544
Bikes,1912.1544
Bikes,1912.1544
Bikes,1912.1544
Bikes,1912.1544
Bikes,1912.1544
Bikes,1912.1544
Bikes,1912.1544
Bikes,1912.1544
Bikes,1912.1544
Bikes,1912.1544
Bikes,1912.1544
Bikes,1912.1544
Bikes,1912.1544
Bikes,1912.1544
Bikes,1912.1544
Bikes,1912.1544
Bikes,1912.1544
Bikes,1912.1544
Bikes,1912.1544
Bikes,1912.1544
Bikes,1912.1544
Bikes,1912.1544
Bikes,1898.0944
Bikes,1898.0944
Bikes,1898.0944
Bikes,1898.0944
Bikes,1898.0944
Bikes,1898.0944
Bikes,1898.0944
Bikes,1898.0944
Bikes,1898.0944
Bikes,1898.0944
Bikes,1898.0944
Bikes,1898.0944
Bikes,1898.0944
Bikes,1898.0944
Bikes,1898.0944
Bikes,1898.0944
Bikes,1898.0944
Bikes,1898.0944
Bikes,1898.0944
Bikes,1898.0944
Bikes,1898.0944
Bikes,1898.0944
Bikes,1898.0944
Bikes,1898.0944
Bikes,1898.0944
Bikes,1898.0944
Bikes,1898.0944
Bikes,1898.0944
Bikes,1898.0944
Bikes,1898.0944
Bikes,1898.0944
Bikes,1898.0944
Bikes,1898.0944
Bikes,1898.0944
Bikes,1898.0944
Bikes,1898.0944
Bikes,1898.0944
Bikes,1898.0944
Bikes,1898.0944
Bikes,1898.0944
Bikes,1898.0944
Bikes,1898.0944
Bikes,1898.0944
Bikes,1898.0944
Bikes,1898.0944
Bikes,1898.0944
Bikes,1898.0944
Bikes,1898.0944
Bikes,1898.0944
Bikes,1898.0944
Bikes,1898.0944
Bikes,1898.0944
Bikes,1898.0944
Bikes,1898.0944
Bikes,1898.0944
Bikes,1898.0944
Bikes,1898.0944
Bikes,1898.0944
Bikes,1898.0944
Bikes,1898.0944
Bikes,1898.0944
Bikes,1898.0944
Bikes,1898.0944
Bikes,1898.0944
Bikes,1898.0944
Bikes,1898.0944
Bikes,1898.0944
Bikes,1898.0944
Bikes,1898.0944
Bikes,1898.0944
Bikes,1898.0944
Bikes,1898.0944
Bikes,1898.0944
Bikes,1898.0944
Bikes,1898.0944
Bikes,1898.0944
Bikes,1898.0944
Bikes,1898.0944
Bikes,1898.0944
Bikes,1898.0944
Bikes,1898.0944
Bikes,1898.0944
Bikes,1898.0944
Bikes,1898.0944
Bikes,1898.0944
Bikes,1898.0944
Bikes,1898.0944
Bikes,1898.0944
Bikes,1898.0944
Bikes,1898.0944
Bikes,1898.0944
Bikes,1898.0944
Bikes,1898.0944
Bikes,1898.0944
Bikes,1898.0944
Bikes,1898.0944
Bikes,1898.0944
Bikes,1898.0944
Bikes,1898.0944
Bikes,1898.0944
Bikes,1898.0944
Bikes,1898.0944
Bikes,1898.0944
Bikes,1898.0944
Bikes,1898.0944
Bikes,1898.0944
Bikes,1898.0944
Bikes,1898.0944
Bikes,1898.0944
Bikes,1898.0944
Bikes,1898.0944
Bikes,1898.0944
Bikes,1898.0944
Bikes,1898.0944
Bikes,1898.0944
Bikes,1898.0944
Bikes,1898.0944
Bikes,1898.0944
Bikes,1898.0944
Bikes,1898.0944
Bikes,1898.0944
Bikes,1898.0944
Bikes,1898.0944
Bikes,1898.0944
Bikes,1898.0944
Bikes,1898.0944
Bikes,1898.0944
Bikes,1898.0944
Bikes,1898.0944
Bikes,1898.0944
Bikes,1898.0944
Bikes,1898.0944
Bikes,1898.0944
Bikes,1898.0944
Bikes,1898.0944
Bikes,1898.0944
Bikes,1898.0944
Bikes,1898.0944
Bikes,1898.0944
Bikes,1898.0944
Bikes,1898.0944
Bikes,1898.0944
Bikes,1898.0944
Bikes,1898.0944
Bikes,1898.0944
Bikes,1898.0944
Bikes,1898.0944
Bikes,1898.0944
Bikes,1898.0944
Bikes,1898.0944
Bikes,1898.0944
Bikes,1898.0944
Bikes,1898.0944
Bikes,1898.0944
Bikes,1898.0944
Bikes,1898.0944
Bikes,1898.0944
Bikes,1898.0944
Bikes,1898.0944
Bikes,1898.0944
Bikes,1898.0944
Bikes,1898.0944
Bikes,1898.0944
Bikes,1898.0944
Bikes,1898.0944
Bikes,1898.0944
Bikes,1898.0944
Bikes,1898.0944
Bikes,1898.0944
Bikes,1898.0944
Bikes,1898.0944
Bikes,1898.0944
Bikes,1898.0944
Bikes,1898.0944
Bikes,1898.0944
Bikes,1898.0944
Bikes,1898.0944
Bikes,1898.0944
Bikes,1898.0944
Bikes,1898.0944
Bikes,1898.0944
Bikes,1898.0944
Bikes,1898.0944
Bikes,1898.0944
Bikes,1898.0944
Bikes,1898.0944
Bikes,1898.0944
Bikes,1898.0944
Bikes,1898.0944
Bikes,1898.0944
Bikes,1898.0944
Bikes,1898.0944
Bikes,1898.0944
Bikes,1898.0944
Bikes,1898.0944
Bikes,1898.0944
Bikes,1898.0944
Bikes,1898.0944
Bikes,1898.0944
Bikes,1898.0944
Bikes,1898.0944
Bikes,1898.0944
Bikes,1898.0944
Bikes,1898.0944
Bikes,1898.0944
Bikes,1898.0944
Bikes,1898.0944
Bikes,1898.0944
Bikes,1898.0944
Bikes,1898.0944
Bikes,1898.0944
Bikes,1117.8559
Bikes,1117.8559
Bikes,1117.8559
Bikes,1117.8559
Bikes,1117.8559
Bikes,1117.8559
Bikes,1117.8559
Bikes,1117.8559
Bikes,1117.8559
Bikes,1117.8559
Bikes,1117.8559
Bikes,1117.8559
Bikes,1117.8559
Bikes,1117.8559
Bikes,1117.8559
Bikes,1117.8559
Bikes,1117.8559
Bikes,1117.8559
Bikes,1117.8559
Bikes,1117.8559
Bikes,1117.8559
Bikes,1117.8559
Bikes,1117.8559
Bikes,1117.8559
Bikes,1117.8559
Bikes,1117.8559
Bikes,1117.8559
Bikes,1117.8559
Bikes,1117.8559
Bikes,1117.8559
Bikes,1117.8559
Bikes,1117.8559
Bikes,1117.8559
Bikes,1117.8559
Bikes,1117.8559
Bikes,1117.8559
Bikes,1117.8559
Bikes,1117.8559
Bikes,1117.8559
Bikes,1117.8559
Bikes,1117.8559
Bikes,1117.8559
Bikes,1117.8559
Bikes,1117.8559
Bikes,1117.8559
Bikes,1117.8559
Bikes,1117.8559
Bikes,1117.8559
Bikes,1117.8559
Bikes,1117.8559
Bikes,1117.8559
Bikes,1117.8559
Bikes,1117.8559
Bikes,1117.8559
Bikes,1117.8559
Bikes,1117.8559
Bikes,1117.8559
Bikes,1117.8559
Bikes,1117.8559
Bikes,1117.8559
Bikes,1117.8559
Bikes,1117.8559
Bikes,1117.8559
Bikes,1117.8559
Bikes,1117.8559
Bikes,1117.8559
Bikes,1117.8559
Bikes,1117.8559
Bikes,1117.8559
Bikes,1117.8559
Bikes,1117.8559
Bikes,1117.8559
Bikes,1117.8559
Bikes,1117.8559
Bikes,1117.8559
Bikes,1117.8559
Bikes,1117.8559
Bikes,1117.8559
Bikes,1117.8559
Bikes,1117.8559
Bikes,1117.8559
Bikes,1117.8559
Bikes,1117.8559
Bikes,1117.8559
Bikes,1117.8559
Bikes,1117.8559
Bikes,1117.8559
Bikes,1117.8559
Bikes,1117.8559
Bikes,1117.8559
Bikes,1117.8559
Bikes,1117.8559
Bikes,1117.8559
Bikes,1117.8559
Bikes,1117.8559
Bikes,1117.8559
Bikes,1117.8559
Bikes,1117.8559
Bikes,1117.8559
Bikes,1117.8559
Bikes,1117.8559
Bikes,1117.8559
Bikes,1117.8559
Bikes,1117.8559
Bikes,1117.8559
Bikes,1117.8559
Bikes,1117.8559
Bikes,1117.8559
Bikes,1117.8559
Bikes,1117.8559
Bikes,1117.8559
Bikes,1117.8559
Bikes,1117.8559
Bikes,1117.8559
Bikes,1117.8559
Bikes,1117.8559
Bikes,1117.8559
Bikes,1117.8559
Bikes,1117.8559
Bikes,1117.8559
Bikes,1117.8559
Bikes,1117.8559
Bikes,1117.8559
Bikes,1117.8559
Bikes,1117.8559
Bikes,1117.8559
Bikes,1117.8559
Bikes,1117.8559
Bikes,1117.8559
Bikes,1117.8559
Bikes,1117.8559
Bikes,1117.8559
Bikes,1117.8559
Bikes,1117.8559
Bikes,1117.8559
Bikes,1117.8559
Bikes,1117.8559
Bikes,1117.8559
Bikes,1117.8559
Bikes,1117.8559
Bikes,1117.8559
Bikes,1117.8559
Bikes,1117.8559
Bikes,1117.8559
Bikes,1117.8559
Bikes,1117.8559
Bikes,1117.8559
Bikes,1117.8559
Bikes,1117.8559
Bikes,1117.8559
Bikes,1117.8559
Bikes,1117.8559
Bikes,1117.8559
Bikes,1117.8559
Bikes,1117.8559
Bikes,1117.8559
Bikes,1117.8559
Bikes,1117.8559
Bikes,1117.8559
Bikes,1117.8559
Bikes,1117.8559
Bikes,1117.8559
Bikes,1117.8559
Bikes,1117.8559
Bikes,1117.8559
Bikes,1117.8559
Bikes,1117.8559
Bikes,1117.8559
Bikes,1117.8559
Bikes,1117.8559
Bikes,1117.8559
Bikes,1117.8559
Bikes,1117.8559
Bikes,1117.8559
Bikes,1265.6195
Bikes,1265.6195
Bikes,1265.6195
Bikes,1265.6195
Bikes,1265.6195
Bikes,1265.6195
Bikes,1265.6195
Bikes,1265.6195
Bikes,1265.6195
Bikes,1265.6195
Bikes,1265.6195
Bikes,1265.6195
Bikes,1265.6195
Bikes,1265.6195
Bikes,1265.6195
Bikes,1265.6195
Bikes,1265.6195
Bikes,1265.6195
Bikes,1265.6195
Bikes,1265.6195
Bikes,1265.6195
Bikes,1265.6195
Bikes,1265.6195
Bikes,1265.6195
Bikes,1265.6195
Bikes,1265.6195
Bikes,1265.6195
Bikes,1265.6195
Bikes,1265.6195
Bikes,1265.6195
Bikes,1265.6195
Bikes,1265.6195
Bikes,1265.6195
Bikes,1265.6195
Bikes,1265.6195
Bikes,1265.6195
Bikes,1265.6195
Bikes,1265.6195
Bikes,1265.6195
Bikes,1265.6195
Bikes,1265.6195
Bikes,1265.6195
Bikes,1265.6195
Bikes,1265.6195
Bikes,1265.6195
Bikes,1265.6195
Bikes,1265.6195
Bikes,1265.6195
Bikes,1265.6195
Bikes,1265.6195
Bikes,1265.6195
Bikes,1265.6195
Bikes,1265.6195
Bikes,1265.6195
Bikes,1265.6195
Bikes,1265.6195
Bikes,1265.6195
Bikes,1265.6195
Bikes,1265.6195
Bikes,1265.6195
Bikes,1265.6195
Bikes,1265.6195
Bikes,1265.6195
Bikes,1265.6195
Bikes,1265.6195
Bikes,1265.6195
Bikes,1265.6195
Bikes,1265.6195
Bikes,1265.6195
Bikes,1265.6195
Bikes,1265.6195
Bikes,1265.6195
Bikes,1265.6195
Bikes,1265.6195
Bikes,1265.6195
Bikes,1265.6195
Bikes,1265.6195
Bikes,1265.6195
Bikes,1265.6195
Bikes,1265.6195
Bikes,1265.6195
Bikes,1265.6195
Bikes,1265.6195
Bikes,1265.6195
Bikes,1265.6195
Bikes,1265.6195
Bikes,1265.6195
Bikes,1265.6195
Bikes,1265.6195
Bikes,1265.6195
Bikes,1265.6195
Bikes,1265.6195
Bikes,1265.6195
Bikes,1265.6195
Bikes,1265.6195
Bikes,1265.6195
Bikes,1265.6195
Bikes,1265.6195
Bikes,1265.6195
Bikes,1265.6195
Bikes,1265.6195
Bikes,1265.6195
Bikes,1265.6195
Bikes,1265.6195
Bikes,1265.6195
Bikes,1265.6195
Bikes,1265.6195
Bikes,1265.6195
Bikes,1265.6195
Bikes,1265.6195
Bikes,1265.6195
Bikes,1265.6195
Bikes,1265.6195
Bikes,1265.6195
Bikes,1265.6195
Bikes,1265.6195
Bikes,1265.6195
Bikes,1265.6195
Bikes,1265.6195
Bikes,1265.6195
Bikes,1265.6195
Bikes,1265.6195
Bikes,1265.6195
Bikes,1265.6195
Bikes,1265.6195
Bikes,1265.6195
Bikes,1265.6195
Bikes,1265.6195
Bikes,1265.6195
Bikes,1265.6195
Bikes,1265.6195
Bikes,1265.6195
Bikes,1265.6195
Bikes,1265.6195
Bikes,1265.6195
Bikes,1265.6195
Bikes,1265.6195
Bikes,1265.6195
Bikes,1265.6195
Bikes,1265.6195
Bikes,1265.6195
Bikes,1265.6195
Bikes,1265.6195
Bikes,1265.6195
Bikes,1265.6195
Bikes,1265.6195
Bikes,1265.6195
Bikes,1265.6195
Bikes,1265.6195
Bikes,1265.6195
Bikes,1265.6195
Bikes,1265.6195
Bikes,1265.6195
Bikes,1265.6195
Bikes,1265.6195
Bikes,1265.6195
Bikes,1265.6195
Bikes,1265.6195
Bikes,1265.6195
Bikes,1265.6195
Bikes,1265.6195
Bikes,1265.6195
Bikes,1265.6195
Bikes,1265.6195
Bikes,1265.6195
Bikes,1265.6195
Bikes,1265.6195
Bikes,1265.6195
Bikes,1265.6195
Bikes,1265.6195
Bikes,1265.6195
Bikes,1265.6195
Bikes,1265.6195
Bikes,1265.6195
Bikes,1265.6195
Bikes,1265.6195
Bikes,1265.6195
Bikes,1265.6195
Bikes,1265.6195
Bikes,1265.6195
Bikes,1265.6195
Bikes,1265.6195
Bikes,1265.6195
Bikes,1265.6195
Bikes,1265.6195
Bikes,1265.6195
Bikes,1265.6195
Bikes,1265.6195
Bikes,1265.6195
Bikes,1265.6195
Bikes,1265.6195
Bikes,1265.6195
Bikes,1265.6195
Bikes,1265.6195
Bikes,1265.6195
Bikes,1265.6195
Bikes,1265.6195
Bikes,1265.6195
Bikes,1265.6195
Bikes,1265.6195
Bikes,1265.6195
Bikes,1265.6195
Bikes,1265.6195
Bikes,1265.6195
Bikes,1265.6195
Bikes,1265.6195
Bikes,1265.6195
Bikes,1265.6195
Bikes,1265.6195
Bikes,1265.6195
Bikes,1265.6195
Bikes,1265.6195
Bikes,1265.6195
Bikes,1265.6195
Bikes,1265.6195
Bikes,1265.6195
Bikes,1265.6195
Bikes,1265.6195
Bikes,1265.6195
Bikes,1265.6195
Bikes,1265.6195
Bikes,1265.6195
Bikes,1265.6195
Bikes,1265.6195
Bikes,1265.6195
Bikes,1265.6195
Bikes,1265.6195
Bikes,1265.6195
Bikes,1265.6195
Bikes,1265.6195
Bikes,1265.6195
Bikes,1265.6195
Bikes,1265.6195
Bikes,1265.6195
Bikes,1265.6195
Bikes,1265.6195
Bikes,1265.6195
Bikes,1265.6195
Bikes,1265.6195
Bikes,1265.6195
Bikes,1265.6195
Bikes,1265.6195
Bikes,1265.6195
Bikes,1265.6195
Bikes,1265.6195
Bikes,1265.6195
Bikes,1265.6195
Bikes,1265.6195
Bikes,1265.6195
Bikes,1265.6195
Bikes,1265.6195
Bikes,1265.6195
Bikes,1265.6195
Bikes,1265.6195
Bikes,1265.6195
Bikes,1265.6195
Bikes,1265.6195
Bikes,1265.6195
Bikes,1265.6195
Bikes,1265.6195
Bikes,1265.6195
Bikes,1265.6195
Bikes,1265.6195
Bikes,1265.6195
Bikes,1265.6195
Bikes,1265.6195
Bikes,1265.6195
Bikes,1265.6195
Bikes,1265.6195
Bikes,1265.6195
Bikes,1265.6195
Bikes,1265.6195
Bikes,1265.6195
Bikes,1265.6195
Bikes,1265.6195
Bikes,1265.6195
Bikes,1265.6195
Bikes,1265.6195
Bikes,1265.6195
Bikes,1265.6195
Bikes,1265.6195
Bikes,1265.6195
Bikes,1265.6195
Bikes,1265.6195
Bikes,1265.6195
Bikes,1265.6195
Bikes,1265.6195
Bikes,1265.6195
Bikes,1265.6195
Bikes,1265.6195
Bikes,1265.6195
Bikes,1265.6195
Bikes,1265.6195
Bikes,1265.6195
Bikes,1265.6195
Bikes,1265.6195
Bikes,1265.6195
Bikes,1265.6195
Bikes,1265.6195
Bikes,1265.6195
Bikes,1265.6195
Bikes,1265.6195
Bikes,1265.6195
Bikes,1265.6195
Bikes,1265.6195
Bikes,1265.6195
Bikes,1265.6195
Bikes,1265.6195
Bikes,1265.6195
Bikes,1265.6195
Bikes,1265.6195
Bikes,1265.6195
Bikes,1265.6195
Bikes,1265.6195
Bikes,1265.6195
Bikes,1265.6195
Bikes,1265.6195
Bikes,1265.6195
Bikes,1265.6195
Bikes,1265.6195
Bikes,1265.6195
Bikes,1265.6195
Bikes,1265.6195
Bikes,1265.6195
Bikes,1265.6195
Bikes,1265.6195
Bikes,1265.6195
Bikes,1265.6195
Bikes,1265.6195
Bikes,1265.6195
Bikes,1265.6195
Bikes,1265.6195
Bikes,1265.6195
Bikes,1265.6195
Bikes,1265.6195
Bikes,1265.6195
Bikes,1265.6195
Bikes,1265.6195
Bikes,1265.6195
Bikes,1265.6195
Bikes,1265.6195
Bikes,1265.6195
Bikes,1265.6195
Bikes,1265.6195
Bikes,1265.6195
Bikes,1265.6195
Bikes,1265.6195
Bikes,1265.6195
Bikes,1265.6195
Bikes,1265.6195
Bikes,1265.6195
Bikes,1265.6195
Bikes,1265.6195
Bikes,1265.6195
Bikes,1265.6195
Bikes,1265.6195
Bikes,1265.6195
Bikes,1265.6195
Bikes,1265.6195
Bikes,1265.6195
Bikes,1265.6195
Bikes,1265.6195
Bikes,1265.6195
Bikes,1265.6195
Bikes,1265.6195
Bikes,1265.6195
Bikes,1265.6195
Bikes,1265.6195
Bikes,1265.6195
Bikes,1265.6195
Bikes,1265.6195
Bikes,1265.6195
Bikes,1265.6195
Bikes,1265.6195
Bikes,1265.6195
Bikes,1265.6195
Bikes,1265.6195
Bikes,1265.6195
Bikes,1265.6195
Bikes,1265.6195
Bikes,1265.6195
Bikes,1265.6195
Bikes,1265.6195
Bikes,1265.6195
Bikes,1265.6195
Bikes,1265.6195
Bikes,1265.6195
Bikes,1265.6195
Bikes,1265.6195
Bikes,1265.6195
Bikes,1265.6195
Bikes,1265.6195
Bikes,1265.6195
Bikes,1265.6195
Bikes,1265.6195
Bikes,1265.6195
Bikes,1265.6195
Bikes,1265.6195
Bikes,1265.6195
Bikes,1265.6195
Bikes,1265.6195
Bikes,1265.6195
Bikes,1265.6195
Bikes,1265.6195
Bikes,1265.6195
Bikes,1265.6195
Bikes,1265.6195
Bikes,1265.6195
Bikes,1265.6195
Bikes,1265.6195
Bikes,1265.6195
Bikes,1265.6195
Bikes,1265.6195
Bikes,1265.6195
Bikes,1265.6195
Bikes,1265.6195
Bikes,1265.6195
Bikes,1265.6195
Bikes,1265.6195
Bikes,1265.6195
Bikes,1265.6195
Bikes,1265.6195
Bikes,1117.8559
Bikes,1117.8559
Bikes,1117.8559
Bikes,1117.8559
Bikes,1117.8559
Bikes,1117.8559
Bikes,1117.8559
Bikes,1117.8559
Bikes,1117.8559
Bikes,1117.8559
Bikes,1117.8559
Bikes,1117.8559
Bikes,1117.8559
Bikes,1117.8559
Bikes,1117.8559
Bikes,1117.8559
Bikes,1117.8559
Bikes,1117.8559
Bikes,1117.8559
Bikes,1117.8559
Bikes,1117.8559
Bikes,1117.8559
Bikes,1117.8559
Bikes,1117.8559
Bikes,1117.8559
Bikes,1117.8559
Bikes,1117.8559
Bikes,1117.8559
Bikes,1117.8559
Bikes,1117.8559
Bikes,1117.8559
Bikes,1117.8559
Bikes,1117.8559
Bikes,1117.8559
Bikes,1117.8559
Bikes,1117.8559
Bikes,1117.8559
Bikes,1117.8559
Bikes,1117.8559
Bikes,1117.8559
Bikes,1117.8559
Bikes,1117.8559
Bikes,1117.8559
Bikes,1117.8559
Bikes,1117.8559
Bikes,1117.8559
Bikes,1117.8559
Bikes,1117.8559
Bikes,1117.8559
Bikes,1117.8559
Bikes,1117.8559
Bikes,1117.8559
Bikes,1117.8559
Bikes,1117.8559
Bikes,1117.8559
Bikes,1117.8559
Bikes,1117.8559
Bikes,1117.8559
Bikes,1117.8559
Bikes,1117.8559
Bikes,1117.8559
Bikes,1117.8559
Bikes,1117.8559
Bikes,1117.8559
Bikes,1117.8559
Bikes,1117.8559
Bikes,1117.8559
Bikes,1117.8559
Bikes,1117.8559
Bikes,1117.8559
Bikes,1117.8559
Bikes,1117.8559
Bikes,1117.8559
Bikes,1117.8559
Bikes,1117.8559
Bikes,1117.8559
Bikes,1117.8559
Bikes,1117.8559
Bikes,1117.8559
Bikes,1117.8559
Bikes,1117.8559
Bikes,1117.8559
Bikes,1117.8559
Bikes,1117.8559
Bikes,1117.8559
Bikes,1117.8559
Bikes,1117.8559
Bikes,1117.8559
Bikes,1117.8559
Bikes,1117.8559
Bikes,1117.8559
Bikes,1117.8559
Bikes,1117.8559
Bikes,1117.8559
Bikes,1117.8559
Bikes,1117.8559
Bikes,1117.8559
Bikes,1117.8559
Bikes,1117.8559
Bikes,1117.8559
Bikes,1117.8559
Bikes,1117.8559
Bikes,1117.8559
Bikes,1117.8559
Bikes,1117.8559
Bikes,1117.8559
Bikes,1117.8559
Bikes,1117.8559
Bikes,1117.8559
Bikes,1117.8559
Bikes,1117.8559
Bikes,1117.8559
Bikes,1117.8559
Bikes,1117.8559
Bikes,1117.8559
Bikes,1117.8559
Bikes,1117.8559
Bikes,1117.8559
Bikes,1117.8559
Bikes,1117.8559
Bikes,1117.8559
Bikes,1117.8559
Bikes,1117.8559
Bikes,1117.8559
Bikes,1117.8559
Bikes,1117.8559
Bikes,1117.8559
Bikes,1117.8559
Bikes,1117.8559
Bikes,1117.8559
Bikes,1117.8559
Bikes,1117.8559
Bikes,1117.8559
Bikes,1117.8559
Bikes,1117.8559
Bikes,1117.8559
Bikes,1117.8559
Bikes,1117.8559
Bikes,1117.8559
Bikes,1117.8559
Bikes,1117.8559
Bikes,1117.8559
Bikes,1117.8559
Bikes,1117.8559
Bikes,1117.8559
Bikes,1117.8559
Bikes,1117.8559
Bikes,1117.8559
Bikes,1117.8559
Bikes,1117.8559
Bikes,1117.8559
Bikes,1117.8559
Bikes,1117.8559
Bikes,1117.8559
Bikes,1117.8559
Bikes,1117.8559
Bikes,1117.8559
Bikes,1117.8559
Bikes,1117.8559
Bikes,1117.8559
Bikes,1117.8559
Bikes,1117.8559
Bikes,1117.8559
Bikes,1117.8559
Bikes,1117.8559
Bikes,1117.8559
Bikes,1117.8559
Bikes,1117.8559
Bikes,1265.6195
Bikes,1265.6195
Bikes,1265.6195
Bikes,1265.6195
Bikes,1265.6195
Bikes,1265.6195
Bikes,1265.6195
Bikes,1265.6195
Bikes,1265.6195
Bikes,1265.6195
Bikes,1265.6195
Bikes,1265.6195
Bikes,1265.6195
Bikes,1265.6195
Bikes,1265.6195
Bikes,1265.6195
Bikes,1265.6195
Bikes,1265.6195
Bikes,1265.6195
Bikes,1265.6195
Bikes,1265.6195
Bikes,1265.6195
Bikes,1265.6195
Bikes,1265.6195
Bikes,1265.6195
Bikes,1265.6195
Bikes,1265.6195
Bikes,1265.6195
Bikes,1265.6195
Bikes,1265.6195
Bikes,1265.6195
Bikes,1265.6195
Bikes,1265.6195
Bikes,1265.6195
Bikes,1265.6195
Bikes,1265.6195
Bikes,1265.6195
Bikes,1265.6195
Bikes,1265.6195
Bikes,1265.6195
Bikes,1265.6195
Bikes,1265.6195
Bikes,1265.6195
Bikes,1265.6195
Bikes,1265.6195
Bikes,1265.6195
Bikes,1265.6195
Bikes,1265.6195
Bikes,1265.6195
Bikes,1265.6195
Bikes,1265.6195
Bikes,1265.6195
Bikes,1265.6195
Bikes,1265.6195
Bikes,1265.6195
Bikes,1265.6195
Bikes,1265.6195
Bikes,1265.6195
Bikes,1265.6195
Bikes,1265.6195
Bikes,1265.6195
Bikes,1265.6195
Bikes,1265.6195
Bikes,1265.6195
Bikes,1265.6195
Bikes,1265.6195
Bikes,1265.6195
Bikes,1265.6195
Bikes,1265.6195
Bikes,1265.6195
Bikes,1265.6195
Bikes,1265.6195
Bikes,1265.6195
Bikes,1265.6195
Bikes,1265.6195
Bikes,1265.6195
Bikes,1265.6195
Bikes,1265.6195
Bikes,1265.6195
Bikes,1265.6195
Bikes,1265.6195
Bikes,1265.6195
Bikes,1265.6195
Bikes,1265.6195
Bikes,1265.6195
Bikes,1265.6195
Bikes,1265.6195
Bikes,1265.6195
Bikes,1265.6195
Bikes,1265.6195
Bikes,1265.6195
Bikes,1265.6195
Bikes,1265.6195
Bikes,1265.6195
Bikes,1265.6195
Bikes,1265.6195
Bikes,1265.6195
Bikes,1265.6195
Bikes,1265.6195
Bikes,1265.6195
Bikes,1265.6195
Bikes,1265.6195
Bikes,1265.6195
Bikes,1265.6195
Bikes,1265.6195
Bikes,1265.6195
Bikes,1265.6195
Bikes,1265.6195
Bikes,1265.6195
Bikes,1265.6195
Bikes,1265.6195
Bikes,1265.6195
Bikes,1265.6195
Bikes,1265.6195
Bikes,1265.6195
Bikes,1265.6195
Bikes,1265.6195
Bikes,1265.6195
Bikes,1265.6195
Bikes,1265.6195
Bikes,1265.6195
Bikes,1265.6195
Bikes,1265.6195
Bikes,1265.6195
Bikes,1265.6195
Bikes,1265.6195
Bikes,1265.6195
Bikes,1265.6195
Bikes,1265.6195
Bikes,1265.6195
Bikes,1265.6195
Bikes,1265.6195
Bikes,1265.6195
Bikes,1265.6195
Bikes,1265.6195
Bikes,1265.6195
Bikes,1265.6195
Bikes,1265.6195
Bikes,1265.6195
Bikes,1265.6195
Bikes,1265.6195
Bikes,1265.6195
Bikes,1265.6195
Bikes,1265.6195
Bikes,1265.6195
Bikes,1265.6195
Bikes,1265.6195
Bikes,1265.6195
Bikes,1265.6195
Bikes,1265.6195
Bikes,1265.6195
Bikes,1265.6195
Bikes,1265.6195
Bikes,1265.6195
Bikes,1265.6195
Bikes,1265.6195
Bikes,1265.6195
Bikes,1265.6195
Bikes,1265.6195
Bikes,1265.6195
Bikes,1265.6195
Bikes,1265.6195
Bikes,1265.6195
Bikes,1265.6195
Bikes,1265.6195
Bikes,1265.6195
Bikes,1265.6195
Bikes,1265.6195
Bikes,1265.6195
Bikes,1265.6195
Bikes,1265.6195
Bikes,1265.6195
Bikes,1265.6195
Bikes,1265.6195
Bikes,1265.6195
Bikes,1265.6195
Bikes,1265.6195
Bikes,1265.6195
Bikes,1265.6195
Bikes,1265.6195
Bikes,1265.6195
Bikes,1265.6195
Bikes,1265.6195
Bikes,1265.6195
Bikes,1265.6195
Bikes,1265.6195
Bikes,1265.6195
Bikes,1265.6195
Bikes,1265.6195
Bikes,1265.6195
Bikes,1265.6195
Bikes,1265.6195
Bikes,1265.6195
Bikes,1265.6195
Bikes,1265.6195
Bikes,1265.6195
Bikes,1265.6195
Bikes,1265.6195
Bikes,1265.6195
Bikes,1265.6195
Bikes,1265.6195
Bikes,1265.6195
Bikes,1265.6195
Bikes,1265.6195
Bikes,1265.6195
Bikes,1265.6195
Bikes,1265.6195
Bikes,1265.6195
Bikes,1265.6195
Bikes,1265.6195
Bikes,1265.6195
Bikes,1265.6195
Bikes,1265.6195
Bikes,1265.6195
Bikes,1265.6195
Bikes,1265.6195
Bikes,1265.6195
Bikes,1265.6195
Bikes,1265.6195
Bikes,1265.6195
Bikes,1265.6195
Bikes,1265.6195
Bikes,1265.6195
Bikes,1265.6195
Bikes,1265.6195
Bikes,1265.6195
Bikes,1265.6195
Bikes,1265.6195
Bikes,1265.6195
Bikes,1265.6195
Bikes,1265.6195
Bikes,1265.6195
Bikes,1265.6195
Bikes,1265.6195
Bikes,1265.6195
Bikes,1265.6195
Bikes,1265.6195
Bikes,1265.6195
Bikes,1265.6195
Bikes,1265.6195
Bikes,1265.6195
Bikes,1265.6195
Bikes,1265.6195
Bikes,1265.6195
Bikes,1265.6195
Bikes,1265.6195
Bikes,1265.6195
Bikes,1265.6195
Bikes,1265.6195
Bikes,1265.6195
Bikes,1265.6195
Bikes,1265.6195
Bikes,1265.6195
Bikes,1265.6195
Bikes,1265.6195
Bikes,1265.6195
Bikes,1265.6195
Bikes,1265.6195
Bikes,1265.6195
Bikes,1265.6195
Bikes,1265.6195
Bikes,1265.6195
Bikes,1265.6195
Bikes,1265.6195
Bikes,1265.6195
Bikes,1265.6195
Bikes,1265.6195
Bikes,1265.6195
Bikes,1265.6195
Bikes,1265.6195
Bikes,1265.6195
Bikes,1265.6195
Bikes,1265.6195
Bikes,1265.6195
Bikes,1265.6195
Bikes,1265.6195
Bikes,1265.6195
Bikes,1265.6195
Bikes,1265.6195
Bikes,1265.6195
Bikes,1265.6195
Bikes,1265.6195
Bikes,1265.6195
Bikes,1265.6195
Bikes,1265.6195
Bikes,1265.6195
Bikes,1265.6195
Bikes,1265.6195
Bikes,1265.6195
Bikes,1265.6195
Bikes,1265.6195
Bikes,1265.6195
Bikes,1265.6195
Bikes,1265.6195
Bikes,1265.6195
Bikes,1265.6195
Bikes,1265.6195
Bikes,1265.6195
Bikes,1265.6195
Bikes,1265.6195
Bikes,1265.6195
Bikes,1265.6195
Bikes,1265.6195
Bikes,1265.6195
Bikes,1265.6195
Bikes,1265.6195
Bikes,1265.6195
Bikes,1265.6195
Bikes,1265.6195
Bikes,1265.6195
Bikes,1265.6195
Bikes,1265.6195
Bikes,1265.6195
Bikes,1265.6195
Bikes,1265.6195
Bikes,1265.6195
Bikes,1265.6195
Bikes,1265.6195
Bikes,1265.6195
Bikes,1265.6195
Bikes,1265.6195
Bikes,1265.6195
Bikes,1265.6195
Bikes,1265.6195
Bikes,1265.6195
Bikes,1265.6195
Bikes,1265.6195
Bikes,1265.6195
Bikes,1265.6195
Bikes,1265.6195
Bikes,1265.6195
Bikes,1265.6195
Bikes,1265.6195
Bikes,1265.6195
Bikes,1265.6195
Bikes,1265.6195
Bikes,1265.6195
Bikes,1265.6195
Bikes,1265.6195
Bikes,1265.6195
Bikes,1265.6195
Bikes,1265.6195
Bikes,1265.6195
Bikes,1265.6195
Bikes,1265.6195
Bikes,1265.6195
Bikes,1265.6195
Bikes,1265.6195
Bikes,1265.6195
Bikes,1265.6195
Bikes,1265.6195
Bikes,1265.6195
Bikes,1265.6195
Bikes,1265.6195
Bikes,1265.6195
Bikes,1265.6195
Bikes,1265.6195
Bikes,1265.6195
Bikes,1265.6195
Bikes,1265.6195
Bikes,1265.6195
Bikes,1265.6195
Bikes,1265.6195
Bikes,1265.6195
Bikes,1265.6195
Bikes,1265.6195
Bikes,1265.6195
Bikes,1265.6195
Bikes,1265.6195
Bikes,1265.6195
Bikes,1265.6195
Bikes,1265.6195
Bikes,1265.6195
Bikes,1265.6195
Bikes,1265.6195
Bikes,1265.6195
Bikes,1265.6195
Bikes,1265.6195
Bikes,1265.6195
Bikes,1265.6195
Bikes,1265.6195
Bikes,1265.6195
Bikes,1265.6195
Bikes,1265.6195
Bikes,1265.6195
Bikes,1265.6195
Bikes,1265.6195
Bikes,1265.6195
Bikes,1265.6195
Bikes,1265.6195
Bikes,1265.6195
Bikes,1265.6195
Bikes,1117.8559
Bikes,1117.8559
Bikes,1117.8559
Bikes,1117.8559
Bikes,1117.8559
Bikes,1117.8559
Bikes,1117.8559
Bikes,1117.8559
Bikes,1117.8559
Bikes,1117.8559
Bikes,1117.8559
Bikes,1117.8559
Bikes,1117.8559
Bikes,1117.8559
Bikes,1117.8559
Bikes,1117.8559
Bikes,1117.8559
Bikes,1117.8559
Bikes,1117.8559
Bikes,1117.8559
Bikes,1117.8559
Bikes,1117.8559
Bikes,1117.8559
Bikes,1117.8559
Bikes,1117.8559
Bikes,1117.8559
Bikes,1117.8559
Bikes,1117.8559
Bikes,1117.8559
Bikes,1117.8559
Bikes,1117.8559
Bikes,1117.8559
Bikes,1117.8559
Bikes,1117.8559
Bikes,1117.8559
Bikes,1117.8559
Bikes,1117.8559
Bikes,1117.8559
Bikes,1117.8559
Bikes,1117.8559
Bikes,1117.8559
Bikes,1117.8559
Bikes,1117.8559
Bikes,1117.8559
Bikes,1117.8559
Bikes,1117.8559
Bikes,1117.8559
Bikes,1117.8559
Bikes,1117.8559
Bikes,1117.8559
Bikes,1117.8559
Bikes,1117.8559
Bikes,1117.8559
Bikes,1117.8559
Bikes,1117.8559
Bikes,1117.8559
Bikes,1117.8559
Bikes,1117.8559
Bikes,1117.8559
Bikes,1117.8559
Bikes,1117.8559
Bikes,1117.8559
Bikes,1117.8559
Bikes,1117.8559
Bikes,1117.8559
Bikes,1117.8559
Bikes,1117.8559
Bikes,1117.8559
Bikes,1117.8559
Bikes,1117.8559
Bikes,1117.8559
Bikes,1117.8559
Bikes,1117.8559
Bikes,1117.8559
Bikes,1117.8559
Bikes,1117.8559
Bikes,1117.8559
Bikes,1117.8559
Bikes,1117.8559
Bikes,1117.8559
Bikes,1117.8559
Bikes,1117.8559
Bikes,1117.8559
Bikes,1117.8559
Bikes,1117.8559
Bikes,1117.8559
Bikes,1117.8559
Bikes,1117.8559
Bikes,1117.8559
Bikes,1117.8559
Bikes,1117.8559
Bikes,1117.8559
Bikes,1117.8559
Bikes,1117.8559
Bikes,1117.8559
Bikes,1117.8559
Bikes,1117.8559
Bikes,1117.8559
Bikes,1117.8559
Bikes,1117.8559
Bikes,1117.8559
Bikes,1117.8559
Bikes,1117.8559
Bikes,1117.8559
Bikes,1117.8559
Bikes,1117.8559
Bikes,1117.8559
Bikes,1117.8559
Bikes,1117.8559
Bikes,1117.8559
Bikes,1117.8559
Bikes,1117.8559
Bikes,1117.8559
Bikes,1117.8559
Bikes,1117.8559
Bikes,1117.8559
Bikes,1117.8559
Bikes,1117.8559
Bikes,1117.8559
Bikes,1117.8559
Bikes,1117.8559
Bikes,1117.8559
Bikes,1117.8559
Bikes,1117.8559
Bikes,1117.8559
Bikes,1117.8559
Bikes,1117.8559
Bikes,1117.8559
Bikes,1117.8559
Bikes,1117.8559
Bikes,1117.8559
Bikes,1117.8559
Bikes,1117.8559
Bikes,1117.8559
Bikes,1117.8559
Bikes,1117.8559
Bikes,1117.8559
Bikes,1117.8559
Bikes,1117.8559
Bikes,1117.8559
Bikes,1117.8559
Bikes,1117.8559
Bikes,1117.8559
Bikes,1117.8559
Bikes,1117.8559
Bikes,1117.8559
Bikes,1117.8559
Bikes,1117.8559
Bikes,1117.8559
Bikes,1117.8559
Bikes,1117.8559
Bikes,1117.8559
Bikes,1117.8559
Bikes,1117.8559
Bikes,1117.8559
Bikes,1117.8559
Bikes,1117.8559
Bikes,1117.8559
Bikes,1117.8559
Bikes,1117.8559
Bikes,1117.8559
Bikes,1117.8559
Bikes,1117.8559
Bikes,1117.8559
Bikes,1117.8559
Bikes,1117.8559
Bikes,1117.8559
Bikes,1117.8559
Bikes,1117.8559
Bikes,1117.8559
Bikes,1117.8559
Bikes,1117.8559
Bikes,1117.8559
Bikes,1117.8559
Bikes,1117.8559
Bikes,1117.8559
Bikes,1117.8559
Bikes,1117.8559
Bikes,1117.8559
Bikes,1265.6195
Bikes,1265.6195
Bikes,1265.6195
Bikes,1265.6195
Bikes,1265.6195
Bikes,1265.6195
Bikes,1265.6195
Bikes,1265.6195
Bikes,1265.6195
Bikes,1265.6195
Bikes,1265.6195
Bikes,1265.6195
Bikes,1265.6195
Bikes,1265.6195
Bikes,1265.6195
Bikes,1265.6195
Bikes,1265.6195
Bikes,1265.6195
Bikes,1265.6195
Bikes,1265.6195
Bikes,1265.6195
Bikes,1265.6195
Bikes,1265.6195
Bikes,1265.6195
Bikes,1265.6195
Bikes,1265.6195
Bikes,1265.6195
Bikes,1265.6195
Bikes,1265.6195
Bikes,1265.6195
Bikes,1265.6195
Bikes,1265.6195
Bikes,1265.6195
Bikes,1265.6195
Bikes,1265.6195
Bikes,1265.6195
Bikes,1265.6195
Bikes,1265.6195
Bikes,1265.6195
Bikes,1265.6195
Bikes,1265.6195
Bikes,1265.6195
Bikes,1265.6195
Bikes,1265.6195
Bikes,1265.6195
Bikes,1265.6195
Bikes,1265.6195
Bikes,1265.6195
Bikes,1265.6195
Bikes,1265.6195
Bikes,1265.6195
Bikes,1265.6195
Bikes,1265.6195
Bikes,1265.6195
Bikes,1265.6195
Bikes,1265.6195
Bikes,1265.6195
Bikes,1265.6195
Bikes,1265.6195
Bikes,1265.6195
Bikes,1265.6195
Bikes,1265.6195
Bikes,1265.6195
Bikes,1265.6195
Bikes,1265.6195
Bikes,1265.6195
Bikes,1265.6195
Bikes,1265.6195
Bikes,1265.6195
Bikes,1265.6195
Bikes,1265.6195
Bikes,1265.6195
Bikes,1265.6195
Bikes,1265.6195
Bikes,1265.6195
Bikes,1265.6195
Bikes,1265.6195
Bikes,1265.6195
Bikes,1265.6195
Bikes,1265.6195
Bikes,1265.6195
Bikes,1265.6195
Bikes,1265.6195
Bikes,1265.6195
Bikes,1265.6195
Bikes,1265.6195
Bikes,1265.6195
Bikes,1265.6195
Bikes,1265.6195
Bikes,1265.6195
Bikes,1265.6195
Bikes,1265.6195
Bikes,1265.6195
Bikes,1265.6195
Bikes,1265.6195
Bikes,1265.6195
Bikes,1265.6195
Bikes,1265.6195
Bikes,1265.6195
Bikes,1265.6195
Bikes,1265.6195
Bikes,1265.6195
Bikes,1265.6195
Bikes,1265.6195
Bikes,1265.6195
Bikes,1265.6195
Bikes,1265.6195
Bikes,1265.6195
Bikes,1265.6195
Bikes,1265.6195
Bikes,1265.6195
Bikes,1265.6195
Bikes,1265.6195
Bikes,1265.6195
Bikes,1265.6195
Bikes,1265.6195
Bikes,1265.6195
Bikes,1265.6195
Bikes,1265.6195
Bikes,1265.6195
Bikes,1265.6195
Bikes,1265.6195
Bikes,1265.6195
Bikes,1265.6195
Bikes,1265.6195
Bikes,1265.6195
Bikes,1265.6195
Bikes,1265.6195
Bikes,1265.6195
Bikes,1265.6195
Bikes,1265.6195
Bikes,1265.6195
Bikes,1265.6195
Bikes,1265.6195
Bikes,1265.6195
Bikes,1265.6195
Bikes,1265.6195
Bikes,1265.6195
Bikes,1265.6195
Bikes,1265.6195
Bikes,1265.6195
Bikes,1265.6195
Bikes,1265.6195
Bikes,1265.6195
Bikes,1265.6195
Bikes,1265.6195
Bikes,1265.6195
Bikes,1265.6195
Bikes,1265.6195
Bikes,1265.6195
Bikes,1265.6195
Bikes,1265.6195
Bikes,1265.6195
Bikes,1265.6195
Bikes,1265.6195
Bikes,1265.6195
Bikes,1265.6195
Bikes,1265.6195
Bikes,1265.6195
Bikes,1265.6195
Bikes,1265.6195
Bikes,1265.6195
Bikes,1265.6195
Bikes,1265.6195
Bikes,1265.6195
Bikes,1265.6195
Bikes,1265.6195
Bikes,1265.6195
Bikes,1265.6195
Bikes,1265.6195
Bikes,1265.6195
Bikes,1265.6195
Bikes,1265.6195
Bikes,1265.6195
Bikes,1265.6195
Bikes,1265.6195
Bikes,1265.6195
Bikes,1265.6195
Bikes,1265.6195
Bikes,1265.6195
Bikes,1265.6195
Bikes,1265.6195
Bikes,1265.6195
Bikes,1265.6195
Bikes,1265.6195
Bikes,1265.6195
Bikes,1265.6195
Bikes,1265.6195
Bikes,1265.6195
Bikes,1265.6195
Bikes,1265.6195
Bikes,1265.6195
Bikes,1265.6195
Bikes,1265.6195
Bikes,1265.6195
Bikes,1265.6195
Bikes,1265.6195
Bikes,1265.6195
Bikes,1265.6195
Bikes,1265.6195
Bikes,1265.6195
Bikes,1265.6195
Bikes,1265.6195
Bikes,1265.6195
Bikes,1265.6195
Bikes,1265.6195
Bikes,1265.6195
Bikes,1265.6195
Bikes,1265.6195
Bikes,1265.6195
Bikes,1265.6195
Bikes,1265.6195
Bikes,1265.6195
Bikes,1265.6195
Bikes,1265.6195
Bikes,1265.6195
Bikes,1265.6195
Bikes,1265.6195
Bikes,1265.6195
Bikes,1265.6195
Bikes,1265.6195
Bikes,1265.6195
Bikes,1265.6195
Bikes,1265.6195
Bikes,1265.6195
Bikes,1265.6195
Bikes,1265.6195
Bikes,1265.6195
Bikes,1265.6195
Bikes,1265.6195
Bikes,1265.6195
Bikes,1265.6195
Bikes,1265.6195
Bikes,1265.6195
Bikes,1265.6195
Bikes,1265.6195
Bikes,1265.6195
Bikes,1265.6195
Bikes,1265.6195
Bikes,1265.6195
Bikes,1265.6195
Bikes,1265.6195
Bikes,1265.6195
Bikes,1265.6195
Bikes,1265.6195
Bikes,1265.6195
Bikes,1265.6195
Bikes,1265.6195
Bikes,1265.6195
Bikes,1265.6195
Bikes,1265.6195
Bikes,1265.6195
Bikes,1265.6195
Bikes,1265.6195
Bikes,1265.6195
Bikes,1265.6195
Bikes,1265.6195
Bikes,1265.6195
Bikes,1265.6195
Bikes,1265.6195
Bikes,1265.6195
Bikes,1265.6195
Bikes,1265.6195
Bikes,1265.6195
Bikes,1265.6195
Bikes,1265.6195
Bikes,1265.6195
Bikes,1265.6195
Bikes,1265.6195
